lat,lng
25.016666,102.066666
25.016666,102.066666
25.016666,102.066666
25.016666,102.066666
25.016666,102.066666
31.533333,76.666664
22.766666,111.566666
33.1833,118.216698
43.647499,111.9767
43.647499,111.9767
40,114
40,114
40,114
40,114
40,114
40,114
40,115
40,115
40,115
40,115
40,115
40,115
40,115
43.200001,-107.099998
43.200001,-107.099998
43.200001,-107.099998
50.200001,-107.599998
43.200001,-107.099998
50,-107.900002
50,-107.900002
43.200001,-107.099998
40.799999,-103.099998
40.799999,-103.099998
45,-112.800003
43.5,-101.900002
49.599998,-108.800003
46.400002,-112.800003
43.299999,-102.5
43.299999,-102.5
30.200001,-82.800003
30,-82.599998
43.200001,-101.800003
43.200001,-101.800003
42.150002,-103.699997
43.133331,-101.866669
43.133331,-101.866669
43.200001,-101.800003
40.900002,-103.283333
40.900002,-103.283333
40.900002,-103.283333
40.900002,-103.283333
42.700001,-100
42.490002,-98.110001
42.386299,-98.097397
40.5,-100.5
40.5,-100.5
35.900002,-100.199997
42.8214,-97.728897
42.806099,-100.050499
43.299999,-99.300003
42.799999,-100.800003
41.5,-103.800003
41.5,-103.800003
42.900002,-98.800003
41.300598,-101.892197
41.300598,-101.892197
41.300598,-101.892197
41.300598,-101.892197
41.300598,-101.892197
41.300598,-101.892197
42.393501,-98.126602
42.393501,-98.126602
42.599998,-98
43.400002,-100.599998
40.0238,-98.5271
42.783333,-100.033333
43.533333,-99.133331
41.099998,-103
41.099998,-103
42.806801,-97.846298
42.806801,-97.846298
43.099998,-98.300003
42.799999,-100.800003
42.599998,-98
39.0821,-99.751297
39.0821,-99.751297
39.0821,-99.751297
36.799999,-100.5
36.799999,-100.5
36.799999,-100.5
29.9,-82.099998
29.549999,-82.51667
29.700001,-82.599998
31.1,-93.099998
31.1,-93.099998
31.1,-93.099998
31.1,-93.099998
31.1,-93.099998
31.1,-93.099998
28.799999,-108
49.200001,-106.199997
45.926109,-111.294724
45.926109,-111.294724
42.700001,-118.699997
42.700001,-118.699997
43.599998,-117.5
43.599998,-117.5
43.599998,-117.5
43.599998,-117.5
38.25,-117.900002
42.200001,-119.5
37.956669,-118.031944
42.200001,-119.5
42.200001,-119.5
43.900002,-110.800003
43.599998,-117.5
41.700001,-119.699997
41.700001,-119.699997
43.599998,-117.5
43.599998,-117.5
43.599998,-117.5
43.599998,-117.5
43.599998,-117.5
43.599998,-117.5
42.200001,-119.5
43.200001,-108.199997
43.200001,-108.199997
43.200001,-107.099998
43.200001,-107.099998
38.25,-117.900002
34.799999,-117
34.799999,-117
34.299999,-119
34.799999,-117
34.799999,-117
34.799999,-117
34.799999,-117
34.799999,-117
34.799999,-117
34.799999,-117
34.799999,-117
34.799999,-117
35.299999,-118.5
35.299999,-118.5
35.299999,-118.5
35.299999,-118.5
35.299999,-118.5
35.299999,-118.5
35.299999,-118.5
34.799999,-117
35.299999,-118.5
35.299999,-118.5
34.799999,-117
34.799999,-117
34.799999,-117
34.799999,-117
34.799999,-117
34.799999,-117
34.900002,-119.5
35.299999,-118.5
34.799999,-117
35.799999,-110.099998
34.771111,-111.853058
32,-110.199997
32.700001,-109.099998
32.700001,-109.099998
32.694,-109.449997
32.616669,-117
33.900002,-117
33.900002,-117
29.799999,-82.099998
43.599998,-116.800003
43.599998,-116.800003
43.599998,-116.800003
43.599998,-116.800003
43.599998,-116.800003
43.599998,-116.800003
43.599998,-116.800003
43.599998,-116.800003
42.799999,-114.900002
42.818733,-114.943474
42.799999,-114.900002
42.799999,-114.900002
42.799999,-114.900002
42.799999,-114.900002
42.799999,-114.900002
42.799999,-114.900002
43,-115.699997
43,-118
43,-118
37.099998,-100.900002
37.200001,-100.300003
37.5,-98
37.5,-98
37.5,-98
37.5,-98
37.200001,-100.300003
37.200001,-100.300003
37.200001,-100.300003
37.200001,-100.300003
37.200001,-100.300003
37.200001,-100.300003
37.200001,-100.300003
37.5,-98
37.200001,-100.300003
37.200001,-100.300003
37.200001,-100.300003
37.200001,-100.300003
37.133331,-100.48333
39.900002,-97.699997
39.900002,-97.699997
39.900002,-97.699997
39.900002,-97.699997
39.900002,-97.699997
39.900002,-97.699997
41.700001,-103.099998
42.700001,-100
42.700001,-100
42,-101
42,-101
37.799999,-114.300003
35.700001,-115.199997
33.700001,-101.099998
33.700001,-101.099998
32.716667,-100.916664
32.716667,-100.916664
32.716667,-100.916664
32.716667,-100.916664
47,-118.5
47,-118.5
46.299999,-119.099998
46.299999,-119.099998
28.9,-108
32.900002,-117.099998
32.900002,-117.099998
32.900002,-117.099998
40.200001,-98.099998
40.200001,-98.099998
40.200001,-98.099998
40.200001,-98.099998
40.200001,-98.099998
41.200001,-96.599998
41.200001,-96.599998
41.200001,-96.599998
36.799999,-100.5
36.799999,-100.5
35,-101.900002
35,-101.900002
35,-101.900002
35,-101.900002
33.799999,-99.699997
37.044701,-100.495201
33.900002,-117
33.900002,-117
33.900002,-117
66.599998,-161.899994
39,-114.099998
34.700001,-87.900002
28.799168,-82.070274
28.799168,-82.070274
36,-93.199997
36,-93.199997
36,-93.199997
36,-93.199997
36,-93.199997
40.299999,-91.099998
40.299999,-91.099998
39.799999,-98.099998
39.799999,-98.099998
37.200001,-100.300003
37.200001,-100.300003
37.200001,-100.300003
37.200001,-100.300003
37.200001,-100.300003
37.200001,-100.300003
37.200001,-100.300003
39.599998,-78.699997
39.599998,-78.699997
39.599998,-78.699997
39.599998,-78.699997
34.5,-101.699997
34.5,-101.699997
34.5,-101.699997
34.5,-101.699997
34.5,-101.699997
34.5,-101.699997
34.5,-101.699997
27.041668,-81.821114
36.700001,-99.900002
36.700001,-99.900002
36.700001,-99.900002
36.700001,-99.900002
38.900002,-99.400002
38.900002,-99.400002
38.900002,-99.400002
38.900002,-99.400002
38.900002,-99.400002
38.900002,-99.400002
38.900002,-99.400002
38.900002,-99.400002
34,-99.800003
34,-99.800003
29.683332,-82.566666
29.683332,-82.566666
39.799999,-98.099998
39.799999,-98.099998
39.799999,-77.199997
39.799999,-77.199997
37.366669,-105.75
37.366669,-105.75
37.366669,-105.75
29,-82.68
29,-82.68
29.011944,-82.668053
29.011944,-82.668053
45.433334,-99.866669
45.433334,-99.866669
38.700001,-98.099998
38.700001,-98.099998
38.299999,-97.599998
38.299999,-97.599998
28.799999,-82.199997
27.700001,-82.5
40.799999,-111.699997
41.799999,-96
41.799999,-96
34.5,-101.300003
37.200001,-100.300003
37.200001,-100.300003
37.200001,-100.300003
37.200001,-100.300003
37.200001,-100.300003
37.200001,-100.300003
37.200001,-100.300003
37.200001,-100.300003
37.200001,-100.300003
42.5,-112.099998
27.799999,-82.800003
31.700001,-110.800003
31.700001,-110.800003
33.799999,-99.699997
33.799999,-99.699997
33.900002,-117
33.900002,-117
27.9,-81.800003
39.299999,-105.699997
40.200001,-75.300003
29.1,-82.300003
29.1,-82.300003
39,-98.199997
39,-98.199997
42.700001,-102.5
36.5,-107
36.5,-107
36.5,-107
38.299999,-97.599998
33.900002,-117
33.700001,-101.900002
38.700001,-79.300003
38.700001,-79.300003
33.75,-99.5
33.75,-99.5
33.75,-99.5
39.799999,-95
38.400002,-98.099998
38.400002,-98.099998
39,-98.199997
29.799999,-82.099998
29.6,-82.416664
29.6,-82.416664
27.5,-82.5
29.799999,-82.099998
29.799999,-82.099998
29.799999,-82.099998
29.799999,-82.099998
31.983334,-81.066666
31.983334,-81.066666
37.200001,-100.300003
37.200001,-100.300003
29.1,-82.300003
34,-118.199997
68.199997,-140
29.1,-82.300003
40.900002,-111.199997
29.4,-82.599998
29.4,-82.599998
6.2167,-5.0333
6.2167,-5.0333
6.2167,-5.0333
6.2167,-5.0333
6.2167,-5.0333
6.2167,-5.0333
6.2167,-5.0333
6.2167,-5.0333
6.2167,-5.0333
6.2167,-5.0333
-24.6,28.6667
-24.6,28.6667
-24.6,28.6667
-24.6,28.6667
-24.6,28.6667
-34.150002,18.866699
-34.150002,18.866699
-27.8458,23.5553
-27.8458,23.5553
-27.8458,23.5553
-27.8458,23.5553
-27.016701,31.983299
-27.016701,31.983299
-27.016701,31.983299
-27.016701,31.983299
-27.016701,31.983299
-27.016701,31.983299
-26.016899,27.7211
-32.976002,18.15
-32.976002,18.15
-32.976002,18.15
0.5,36
3.5917,36.241699
-2.9861,35.344398
-26.016701,27.7208
-14.4022,31.9333
-14.4022,31.9333
-14.4022,31.9333
-28.205601,23.0333
-26,27.75
-26,27.75
-26,27.75
-24.200001,28.950001
-24.200001,28.950001
-24.200001,28.950001
-24.200001,28.950001
-24.200001,28.950001
-24.200001,28.950001
-24.200001,28.950001
-24.200001,28.950001
4.183,36.417
4.183,36.417
3.592,36.242001
5.0797,36.029999
5.0611,36.033298
5.0611,36.033298
5.0611,36.033298
5.0611,36.033298
5.0611,36.033298
5.0611,36.033298
-3.2097,35.1931
-26.016701,27.7208
-1.25,36.25
1.2314,29.823099
1.374,29.823
-24.200001,28.950001
1,30.5
-2.9806,35.3736
-2.9806,35.3736
-2.9861,35.344398
-2.9861,35.344398
-2.9861,35.344398
78.550003,-82.366669
40.052799,-98.960602
32.616669,-117
30,20
51.366669,19.383333
51.366669,19.383333
51.366669,19.383333
51.366669,19.383333
41.125,23.475
33.583332,-7.65
33.583332,-7.65
40.616669,-0.966667
40.355831,-1.089167
46.966667,22.033333
46.966667,22.033333
46.966667,22.033333
46.966667,22.033333
46.966667,22.033333
43.529167,0.6125
46.966667,22.033333
46.966667,22.033333
46.966667,22.033333
46.966667,22.033333
46.966667,22.033333
46.966667,22.033333
46.966667,22.033333
46.966667,22.033333
46.966667,22.033333
46.966667,22.033333
46.966667,22.033333
46.966667,22.033333
46.966667,22.033333
46.966667,22.033333
46.966667,22.033333
46.966667,22.033333
46.966667,22.033333
41.150002,23.475
41.183334,23.416668
41.166668,23.5
41.166668,23.5
41.166668,23.5
41.166668,23.5
41.166668,23.5
41.166668,23.5
41.166668,23.5
50.566666,19.533333
50.566666,19.533333
50.566666,19.533333
50.566666,19.533333
50.566666,19.533333
50.566666,19.533333
50.566666,19.533333
50.866669,20.633333
50.866669,20.633333
50.866669,20.633333
50.866669,20.633333
52.349998,22.15
46.966667,22.033333
46.966667,22.033333
46.966667,22.033333
46.966667,22.033333
46.966667,22.033333
46.966667,22.033333
46.966667,22.033333
46.966667,22.033333
46.966667,22.033333
50.566666,19.533333
50.566666,19.533333
51,18.867001
51.099998,18.917
50.75,19.267
46.966667,22.033333
46.966667,22.033333
46.966667,22.033333
46.966667,22.033333
46.966667,22.033333
46.966667,22.033333
46.966667,22.033333
46.966667,22.033333
46.966667,22.033333
46.966667,22.033333
46.966667,22.033333
46.966667,22.033333
38.349998,69.966667
35.133331,36.75
50.700001,40
50.566666,19.533333
50.566666,19.533333
50.483334,5.6
50.483334,5.6
38.200001,-1.05
38.200001,-1.05
50.75,19.267
50.75,19.267
52.349998,22.15
52.349998,22.15
51,19
51,19
51,18.867001
51,18.867001
50.866669,20.633333
50.866669,20.633333
50.917,19.033001
50.917,19.033001
49.233334,19.9
52.366669,19.75
47.883331,10.616667
33.583332,-7.583333
33.583332,-7.583333
33.583332,-7.583333
37.416668,31.85
37.416668,31.85
39.933334,32.866669
39.933334,32.866669
39.933334,32.866669
44,78
50.566666,19.533333
52.349998,22.15
36.083302,27.799999
36.083302,27.799999
36.083302,27.799999
36.083302,27.799999
50.566666,19.533333
50.566666,19.533333
50.566666,19.533333
50.75,19.267
50.75,19.267
52.349998,22.15
52.349998,22.15
51,18.867001
51,18.867001
51,19
52.366669,19.75
50.917,19.033001
51.099998,18.917
51.099998,18.917
50.566666,19.533333
50.566666,19.533333
50.566666,19.533333
52.349998,22.15
52.349998,22.15
52.349998,22.15
51,18.867001
51,18.867001
51,18.867001
51,19
51,19
51,18.867001
50.866669,20.633333
51.099998,18.917
55.366669,19.75
52.366669,19.75
40.566666,23.466667
40.566666,23.466667
40.566666,23.466667
40.566666,23.466667
40.566666,23.466667
40.566666,23.466667
40.566666,23.466667
40.566666,23.466667
40.566666,23.466667
40.566666,23.466667
50.566666,19.533333
50.566666,19.533333
50.566666,19.533333
52.349998,22.15
51,18.867001
51,18.867001
51,19
55.366669,19.75
50.866669,20.633333
50.566666,19.533333
50.566666,19.533333
50.566666,19.533333
50.083,19.917
50.566666,19.533333
51.099998,18.917
51.099998,18.917
52.349998,22.15
52.349998,22.15
52.349998,22.15
52.349998,22.15
51,18.867001
51,18.867001
51,18.867001
51,18.867001
51,18.867001
51,18.867001
51,18.867001
51,19
51,19
51,19
50.75,19.267
55.366669,19.75
55.366669,19.75
55.366669,19.75
55.366669,19.75
50.866669,20.633333
50.866669,20.633333
50.866669,20.633333
51,18.867001
50.917,19.033001
50.917,19.033001
52.366669,19.75
52.366669,19.75
52.366669,19.75
52.366669,19.75
52.366669,19.75
51.099998,18.917
51.099998,18.917
51.099998,18.917
50.75,19.267
50.75,19.267
50.75,19.267
50.75,19.267
49.233334,19.9
49.233334,19.9
49.233334,19.9
49.233334,19.9
49.233334,19.9
49.233334,19.9
49.233334,19.9
49.233334,19.9
51,16
37.766666,-3.016667
37.766666,-3.016667
37.766666,-3.016667
37.766666,-3.016667
42.352501,-3.518889
42.352501,-3.518889
42.352501,-3.518889
42.352501,-3.518889
42.352501,-3.518889
42.352501,-3.518889
42.352501,-3.518889
42.352501,-3.518889
37.616669,-0.866667
42.352501,-3.518889
42.352501,-3.518889
37.583332,-2.566667
37.583332,-2.566667
37.583332,-2.566667
37.349998,-3.3
37.349998,-3.3
37.349998,-3.3
37.349998,-3.3
37.349998,-3.3
37.349998,-3.3
37.349998,-3.3
37.349998,-3.3
37.416668,-3.25
48.083332,20.5
48.083332,20.5
48.083332,20.5
48.083332,20.5
48.183334,21.383333
43.133331,0.383333
43.133331,0.383333
43.133331,0.383333
43.133331,0.383333
43.133331,0.383333
37.549999,-2.833333
37.816666,-2.533333
40.516666,21.683332
37.816666,-2.533333
37.583332,-3.233333
45.900002,18.216667
45.900002,18.216667
45.900002,18.216667
45.900002,18.216667
45.900002,18.216667
45.900002,18.216667
48.516666,20.75
48.516666,20.75
48.516666,20.75
48.516666,20.75
48.516666,20.75
45.866669,18.450001
45.866669,18.450001
45.866669,18.450001
45.866669,18.450001
33.77,-4.63
34,-3.4
45.866669,18.450001
45.866669,18.450001
45.866669,18.450001
45.866669,18.450001
45.866669,18.450001
45.866669,18.450001
45.866669,18.450001
45.866669,18.450001
45.866669,18.450001
45.866669,18.450001
45.866669,18.450001
48.516666,20.75
48.516666,20.75
48.516666,20.75
48.516666,20.75
48.516666,20.75
45.866669,18.450001
45.866669,18.450001
45.866669,18.450001
45.866669,18.450001
45.866669,18.450001
45.866669,18.450001
45.866669,18.450001
47.733334,18.333332
47.733334,18.333332
45.833332,18.4
45.833332,18.4
45.833332,18.4
45.833332,18.4
45.833332,18.4
45.833332,18.4
45.866669,18.450001
45.866669,18.450001
45.866669,18.450001
45.866669,18.450001
45.866669,18.450001
48.516666,20.75
48.516666,20.75
48.516666,20.75
48.516666,20.75
48.516666,20.75
48.516666,20.75
48.516666,20.75
48.516666,20.75
48.516666,20.75
48.516666,20.75
48.516666,20.75
48.516666,20.75
48.516666,20.75
48.516666,20.75
48.516666,20.75
48.516666,20.75
48.516666,20.75
48.516666,20.75
48.516666,20.75
48.516666,20.75
45.833332,18.4
45.833332,18.4
45.833332,18.4
45.833332,18.4
45.866669,18.450001
45.866669,18.450001
45.866669,18.450001
45.866669,18.450001
45.866669,18.450001
45.866669,18.450001
45.866669,18.450001
45.866669,18.450001
45.866669,18.450001
45.866669,18.450001
45.866669,18.450001
45.866669,18.450001
45.866669,18.450001
45.866669,18.450001
45.866669,18.450001
45.866669,18.450001
45.866669,18.450001
45.866669,18.450001
45.866669,18.450001
45.866669,18.450001
45.866669,18.450001
45.866669,18.450001
45.866669,18.450001
45.866669,18.450001
45.866669,18.450001
45.866669,18.450001
45.866669,18.450001
45.866669,18.450001
45.866669,18.450001
45.866669,18.450001
45.866669,18.450001
45.866669,18.450001
48.049999,20.533333
48.049999,20.533333
48.049999,20.533333
48.049999,20.533333
45.866669,18.450001
45.866669,18.450001
48.216667,20.433332
48.216667,20.433332
48.216667,20.433332
49.616669,8.2
49.616669,8.2
49.616669,8.2
49.616669,8.2
49.616669,8.2
49.616669,8.2
49.400002,16.799999
49.400002,16.799999
44.416668,24.366667
44.416668,24.183332
50.466667,7.466667
50.466667,7.466667
50.466667,7.466667
51.400002,11.316667
51.400002,11.316667
51.400002,11.316667
51.266666,13
49.933334,14.083333
49.933334,14.083333
49.933334,14.083333
50.183334,14.583333
50.183334,14.583333
50.183334,14.583333
50.183334,14.583333
50.183334,14.583333
40.797779,-4.372222
40.797779,-4.372222
45.84639,18.392221
45.84639,18.392221
45.84639,18.392221
45.84639,18.392221
37.183334,-3.6
37.183334,-3.6
43.783333,5.45
43.016666,3.033333
43.016666,3.033333
43.866669,5.516667
38.183334,-1.116667
39.299999,-8.683333
34.200001,-84.800003
34.200001,-84.800003
34.200001,-84.800003
51.950001,110.616669
48.083332,16.283333
48.083332,16.283333
48.083332,16.283333
48.083332,16.283333
48.083332,16.283333
48.083332,16.283333
32.929169,71.655556
32.716667,35.049999
32.716667,35.049999
32.716667,35.049999
32.716667,35.049999
32.716667,35.049999
39.776669,30.520555
43.305279,21.2225
43.305279,21.2225
48.516666,20.75
48.516666,20.75
48.516666,20.75
48.516666,20.75
48.516666,20.75
44.75,23.916668
45.849998,25.783333
22.766666,111.566666
45.833332,25.549999
45.833332,25.549999
45.833332,25.549999
46.416668,23.866667
51.033333,106.650002
51.033333,106.650002
51.033333,106.650002
51.033333,106.650002
41.099998,-2.3
39.16111,-1.794444
38.349998,69.966667
47.236389,39.71389
41.900002,-1.683333
41.599998,-2.833333
41.423332,-0.295
37.116669,-7.983333
37.116669,-7.983333
41.783333,15.45
41.783333,15.45
41.783333,15.45
41.783333,15.45
41.783333,15.45
41.783333,15.45
41.783333,15.45
41.783333,15.45
41.783333,15.45
41.783333,15.45
48.299999,19.763056
48.299999,19.763056
48.299999,19.763056
46.75222,33.419998
47.413612,34.122501
47.400002,34.216667
39.150002,-1.666667
39.150002,-1.666667
39.150002,-1.666667
39.150002,-1.666667
39.150002,-1.666667
39.216667,-1.516667
39.333332,-1.3
31.869167,-8.874444
31.869167,-8.874444
43,12.25
34.516666,69.183334
40.083332,114.199997
40.083332,114.199997
40.083332,114.199997
40.083332,114.199997
40.083332,114.199997
40.083332,114.199997
40.083332,114.199997
40.083332,114.199997
40.083332,114.199997
40.083332,114.199997
33.450001,118.199997
45.650002,0.15
45.650002,0.15
45.650002,0.15
45.650002,0.15
45.650002,0.15
45.650002,0.15
45.650002,0.15
45.650002,0.15
45.650002,0.15
45.616669,11.033333
45.616669,11.033333
45.616669,11.033333
45.616669,11.033333
45.616669,11.033333
45.416668,11.25
45.416668,11.25
45.416668,11.25
45.416668,11.25
45.416668,11.25
45.416668,11.25
45.416668,11.25
45.416668,11.25
45.416668,11.25
45.416668,11.25
45.416668,11.25
45.416668,11.25
45.416668,11.25
45.416668,11.25
45.416668,11.25
45.416668,11.25
45.416668,11.25
45.416668,11.25
45.416668,11.25
45.416668,11.25
45.416668,11.25
45.416668,11.25
45.416668,11.25
45.416668,11.25
45.416668,11.25
45.416668,11.25
45.616669,11.033333
45.516666,10.833333
45.516666,10.833333
45.549999,11.55
45.616669,11.333333
45.616669,11.333333
45.450001,11.566667
45.450001,11.566667
45.450001,11.566667
45.450001,11.566667
45.433334,11.566667
45.433334,11.566667
45.5,11.533333
45.5,11.533333
45.5,11.533333
45.5,11.533333
45.549999,11.55
45.549999,11.55
45.349998,11.5
45.349998,11.5
45.333332,11.433333
45.333332,11.433333
45.736389,13.748611
45.736389,13.748611
45.736389,13.748611
45.775833,13.646944
45.773056,13.601667
45.773056,13.601667
45.773056,13.601667
25.016666,102.066666
25.016666,102.066666
25.016666,102.066666
25.016666,102.066666
25.016666,102.066666
25.016666,102.066666
25.016666,102.066666
25.016666,102.066666
25.016666,102.066666
25.016666,102.066666
25.016666,102.066666
25.016666,102.066666
25.016666,102.066666
25.016666,102.066666
48.441666,11.116667
48.470001,10.55
48.416668,11.099722
48.450001,11.783333
48.716667,12.016667
47.266666,8.849722
47.25,8.766667
47.25,8.766667
47.266666,8.85
47.366669,8.983333
47.366669,8.983333
47.266666,8.85
47.283054,8.916667
47.233055,8.75
47.233055,8.75
47.25,8.766667
47.283054,8.916667
47.333057,8.916667
47.383057,8.916667
47.366669,8.983333
47.383057,8.916667
47.383331,8.533333
47.433056,8.849722
47.450001,8.933056
47.299442,9.086944
50.900002,6.45
39.416668,-0.433333
43.686111,5.395
43.686111,5.395
43.686111,5.395
43.686111,5.395
43.450001,3.683333
43.450001,3.683333
47.316666,5.033333
47.316666,5.033333
47.316666,5.033333
42.800556,11.251944
40.273335,9.404167
44.913055,8.032778
44.913055,8.032778
44.913055,8.032778
44.913055,8.032778
44.913055,8.032778
44.913055,8.032778
47.450558,7.940556
40.248333,16.271944
40.248333,16.271944
52.940556,1.246667
52.940556,1.246667
52.940556,1.246667
52.940556,1.246667
52.940556,1.246667
51.672501,-1.284167
51.672501,-1.284167
51.672501,-1.284167
51.672501,-1.284167
51.672501,-1.284167
51.672501,-1.284167
51.672501,-1.284167
50.483334,7.45
50.483334,7.45
50.483334,7.45
50.483334,7.45
51.915833,1.2225
51.915833,1.2225
51.915833,1.2225
50.466667,7.466667
50.466667,7.466667
50.066666,8.266667
50.066666,8.266667
50.066666,8.266667
49.349998,9.133333
49.349998,9.133333
49.349998,9.133333
48.983334,9.166667
48.983334,9.166667
48.983334,9.166667
48.983334,9.166667
48.983334,9.166667
48.366669,9.2
48.366669,9.2
48.366669,9.2
48.366669,9.2
48.366669,9.2
51.916668,10.483333
51.916668,10.483333
51.916668,10.483333
51.916668,10.483333
48.139999,16.934723
48.139999,16.934723
48.139999,16.934723
48.139999,16.934723
48.139999,16.934723
48.533333,9.516667
48.533333,9.516667
48.966667,11.183333
48.966667,11.183333
48.966667,11.183333
48.966667,11.183333
38.200558,13.326111
45.571667,10.811944
45.571667,10.811944
45.571667,10.811944
45.571667,10.811944
45.571667,10.811944
40.380833,9.693889
40.380833,9.693889
40.380833,9.693889
40.380833,9.693889
40.380833,9.693889
40.380833,9.693889
40.380833,9.693889
40.380833,9.693889
40.380833,9.693889
40.380833,9.693889
45.571667,10.811944
45.571667,10.811944
45.571667,10.811944
45.571667,10.811944
45.571667,10.811944
45.571667,10.811944
45.571667,10.811944
45.571667,10.811944
45.571667,10.811944
45.571667,10.811944
43.318611,11.330556
43.318611,11.330556
47.641666,9.066667
47.641666,9.066667
36.419724,-82.476669
36.183334,-86.783333
36.183334,-86.783333
37.616669,-91.833336
37.616669,-91.833336
37.616669,-91.833336
37.616669,-91.833336
37.616669,-91.833336
37.616669,-91.833336
37.616669,-91.833336
37.616669,-91.833336
37.616669,-91.833336
37.616669,-91.833336
37.616669,-91.833336
37.616669,-91.833336
37.616669,-91.833336
37.616669,-91.833336
37.616669,-91.833336
37.616669,-91.833336
37.616669,-91.833336
37.616669,-91.833336
37.616669,-91.833336
37.616669,-91.833336
37.616669,-91.833336
35.233334,-114.366669
28.716667,-81.449997
48.177776,13.610556
48.059723,16.270832
47.958332,16.876944
48.057499,16.270279
48.0075,16.583055
48.604721,16.671389
48.177776,13.610556
48.059723,16.270832
48.057499,16.270279
48.177776,13.610556
48.059723,16.270832
48.057499,16.270279
48.177776,13.610556
48.059723,16.270832
48.057499,16.270279
48.0075,16.583055
29.683332,-109.650002
48.991112,11.209444
48.995277,11.201389
48.991112,11.209444
48.991112,11.209444
48.991112,11.209444
48.995277,11.201389
48.991112,11.209444
48.991112,11.209444
48.991112,11.209444
48.993889,11.200833
48.994167,11.200556
48.991112,11.209444
48.995277,11.201389
48.991112,11.209444
48.991112,11.209444
48.991112,11.209444
48.995277,11.201389
47.147778,16.344168
47.147778,16.344168
47.147778,16.344168
36.333332,28.108334
36.333332,28.108334
39.327499,37.147778
42.25,13.916667
-14.433333,28.450001
-14.433333,28.450001
-14.433333,28.450001
-14.433333,28.450001
-14.433333,28.450001
-14.433333,28.450001
-14.433333,28.450001
-15.516667,28.183332
-15.516667,28.183332
-15.516667,28.183332
-15.516667,28.183332
-15.516667,28.183332
31.089722,118.096107
31.089722,118.096107
31.089722,118.096107
31.089722,118.096107
31.089722,118.096107
31.089722,118.096107
44.116669,4.283333
44.116669,4.283333
44.116669,4.283333
44.116669,4.283333
44.116669,4.283333
42.048611,3.225
42.048611,3.225
43.461109,3.685
43.461109,3.685
43.461109,3.685
43.461109,3.685
41.099998,-2.3
43.383331,3.666667
43.833332,4.35
42.683334,2.883333
42.683334,2.883333
42.666668,2.9
42.616669,2.783333
43.650002,3.966667
40.683334,-0.783333
41.166668,23.5
38.080002,30.200001
38.080002,30.200001
38.080002,30.200001
41,34
41,34
41,34
37.760277,28.307777
37.760277,28.307777
37.311111,28.045555
39.812778,30.178612
39.812778,30.178612
37.311111,28.045555
38.400002,30.1
38.400002,30.1
37.331112,27.794443
37.331112,27.794443
40.294724,33.486668
40.294724,33.486668
38.866669,30
39.973888,28.303612
39.666668,2.566667
39.556667,3.308889
48.484444,10.098333
44.016666,0.45
48.076389,1.856944
42.665001,9.298056
38.616669,28.766666
40.140556,25.433332
40.140556,25.433332
48.200001,17.016666
48.201401,17.977671
42.833332,-103
41.700001,-103.666664
41.700001,-103.666664
42.488899,-102.960701
42.200001,-103.099998
42.374001,-103.317703
42.150002,-103.699997
36,-116.25
36,-116.25
43.049999,-82.616669
48.325832,9.803889
48.484444,10.098333
48.484444,10.098333
41.200001,-1.5
41.200001,-1.5
41.200001,-1.5
41.200001,-1.5
41.200001,-1.5
30.674999,76.89167
30.505556,77.262222
30.505556,77.262222
30.505556,77.262222
30.516666,77.291664
27,-104.800003
27,-104.800003
22.4,-98
22.4,-98
7.1,-73.199997
46.966667,22.033333
40.5,23
36.799999,-100.683334
36.783333,-100.699997
63.073055,-139.312775
62.766666,-137.383331
31.183332,-104.199997
31.183332,-104.199997
31.183332,-104.199997
31.183332,-104.199997
50.416668,-126.98333
48.424999,9.904167
48.424999,9.904167
48.424999,9.904167
47.050835,18.626944
41.891388,113.992226
41.891388,113.992226
41.891388,113.992226
41.891388,113.992226
41.891388,113.992226
41.891388,113.992226
41.891388,113.992226
48.393055,20.637501
48.393055,20.637501
48.393055,20.637501
45.414722,101.262222
45.49361,101.20472
45.384167,101.512222
48.426388,9.920833
29.416668,-82.216667
40,114
40,114
40,114
40,114
40,114
40,114
40,114
40,114
40,114
40,114
40,114
40,114
40,114
40,114
40,114
40,114
32.366669,-104.449997
31.566668,-108.400002
48.426388,9.920833
48.419167,9.934722
48.419167,9.934722
48.419167,9.934722
48.909443,11.163889
48.909443,11.163889
48.909443,11.163889
48.909443,11.163889
48.596668,9.913333
48.596668,9.913333
48.596668,9.913333
48.596668,9.913333
48.596668,9.913333
48.976391,11.197222
48.976391,11.197222
48.976391,11.197222
48.976391,11.197222
48.976391,11.197222
48.976391,11.197222
48.976391,11.197222
48.883331,11.166667
48.883331,11.166667
48.883331,11.166667
48.883331,11.166667
48.883331,11.166667
48.883331,11.166667
49.768612,8.269722
52.940556,1.246667
52.940556,1.246667
52.349998,22.15
52.349998,22.15
29.031111,69.146667
51.643333,0.796667
51.643333,0.796667
41.200001,0.5
34.150002,109.333336
34.150002,109.333336
34.150002,109.333336
37.25,-3.25
37.25,-3.25
38.458332,-79.898888
38.458332,-79.898888
-32.960178,18.109268
-32.960178,18.109268
-32.960178,18.109268
40.390556,-2.597778
35.616669,-86.849998
35.616669,-86.849998
35.616669,-86.849998
34.719723,-87.767776
34.719723,-87.767776
50.276943,9.795278
50.276943,9.795278
-19.516111,18.252777
42.790833,11.365278
42.790833,11.365278
38.136665,0.648889
41.405277,1.59
-25.19861,46.633057
33.134167,110.217781
33.134167,110.217781
33.134167,110.217781
42.200001,-103.099998
32.714722,-96.707497
42.816666,-114.949997
32.366669,-104.449997
32.366669,-104.449997
31.883333,-108.449997
31.883333,-108.449997
35.433334,-98.716667
42.783333,-105.683334
42.783333,-105.683334
39.483334,-114.033333
38.602779,-79.368889
40.974998,-83.449997
40.974998,-83.449997
32.549999,-110.650002
50.183334,-114.51667
50.183334,-114.51667
50.183334,-114.51667
50.183334,-114.51667
41.406113,141.434174
41.406113,141.434174
41.401943,141.429718
41.401943,141.429718
41.401943,141.429718
41.401943,141.429718
29.799999,-82.099998
38.086109,-79.656944
38.086109,-79.656944
38.086109,-79.656944
38.086109,-79.656944
38.086109,-79.656944
38.086109,-79.656944
38.086109,-79.656944
38.086109,-79.656944
37.097298,-81.336098
37.097298,-81.336098
37.097298,-81.336098
37.097298,-81.336098
37.097298,-81.336098
37.987221,-79.830833
37.987221,-79.830833
37.952778,-79.76722
37.952778,-79.76722
37.952778,-79.76722
37.952778,-79.76722
37.224998,-80.678886
37.294724,-80.593613
37.064445,-81.690559
36.780556,-81.92083
36.780556,-81.92083
36.780556,-81.92083
36.780556,-81.92083
36.780556,-81.92083
36.780556,-81.92083
36.780556,-81.92083
36.799999,-82.800003
37.346111,-80.75972
37.346111,-80.75972
36.68528,-81.971107
37.211388,-80.811668
37.211388,-80.811668
38.96611,-78.208885
38.332222,-79.570274
38.332222,-79.570274
38.332222,-79.570274
36.88361,-80.916389
37.334721,-80.679169
37.334721,-80.679169
38.357777,-79.083054
38.357777,-79.083054
38.357777,-79.083054
38.357777,-79.083054
38.357777,-79.083054
38.357777,-79.083054
38.357777,-79.083054
51.958057,4.053056
51.958057,4.053056
51.958057,4.053056
51.958057,4.053056
33.583332,-7.65
33.583332,-7.65
31.416668,79.75
31.483334,79.800003
-32.966702,18.15
38.833332,-79.283333
38.833332,-79.283333
38.833332,-79.283333
38.833332,-79.283333
38.833332,-79.283333
38.833332,-79.29583
38.833332,-79.29583
38.577221,-79.363609
38.577221,-79.363609
38.476665,-78.892776
38.476665,-78.892776
38.476665,-78.892776
38.910278,-79.725281
38.910278,-79.725281
50.127777,-3.655278
46.30611,88.01667
37.543331,-80.398888
37.543331,-80.398888
37.543331,-80.398888
37.543331,-80.398888
38.833332,-79.283333
38.700001,-79.300003
38.700001,-79.300003
38.700001,-79.300003
38.602779,-79.368889
38.602779,-79.368889
38.602779,-79.368889
38.602779,-79.368889
38.602779,-79.368889
38.700001,-79.300003
38.700001,-79.300003
38.700001,-79.300003
38.700001,-79.300003
38.700001,-79.300003
38.605556,-79.370834
38.605556,-79.370834
38.605556,-79.370834
39.599998,-78.699997
47.393318,18.460489
39.808334,-8.866389
48.663612,10.229167
25.700001,-80.400002
28.083332,-80.599998
29.407499,-82.476387
29.407499,-82.476387
46.666668,-113.099998
46.666668,-113.099998
47.965279,19.686111
47.965279,19.686111
48.133888,16.917221
48.133888,16.917221
48.133888,16.917221
48.133888,16.917221
48.133888,16.917221
48.133888,16.917221
43.720554,99.926941
48.094444,10.033333
48.094444,10.033333
44.685833,7.916944
50.298058,57.181389
50.433334,80.26667
40.471943,-2.675833
36.464901,104.155998
42.683334,-102.849998
42.683334,-102.849998
42.683334,-102.849998
47.916668,19.700001
47.916668,19.700001
47.916668,19.700001
30.083332,70.333336
30.083332,70.333336
30.083332,70.333336
39.200001,-117.900002
40.374722,23.166668
35.182777,24.404444
44.75,2.666667
37.056667,-120.195831
44.425835,18.441944
44.425835,18.441944
36.677502,22.366388
40.612221,33.633057
50.200001,13.333333
